{
  "one_hour_volume": 0.0,
  "one_hour_change": 0.0,
  "one_hour_sales": 0.0,
  "one_hour_sales_change": 0.0,
  "one_hour_average_price": 0.0,
  "one_hour_difference": 0.0,
  "six_hour_volume": 0.0,
  "six_hour_change": 0.0,
  "six_hour_sales": 0.0,
  "six_hour_sales_change": 1.0,
  "six_hour_average_price": 0.0,
  "six_hour_difference": 0.0,
  "one_day_volume": 2.2901626,
  "one_day_change": -0.5606655540208717,
  "one_day_sales": 3.0,
  "one_day_sales_change": -0.6666666666666666,
  "one_day_average_price": 0.7633875333333333,
  "one_day_difference": -2.9226373999999997,
  "seven_day_volume": 11.417472599999998,
  "seven_day_change": -0.059640195683103095,
  "seven_day_sales": 23.0,
  "seven_day_average_price": 0.496411852173913,
  "seven_day_difference": -0.7241273999000004,
  "thirty_day_volume": 35.14067359990001,
  "thirty_day_change": -0.5072513687468081,
  "thirty_day_sales": 94.0,
  "thirty_day_average_price": 0.37383695319042565,
  "thirty_day_difference": -36.17494530000003
}