{
  "one_hour_volume": 0.195,
  "one_hour_change": 0.0,
  "one_hour_sales": 1.0,
  "one_hour_sales_change": 0.0,
  "one_hour_average_price": 0.195,
  "one_hour_difference": 0.195,
  "six_hour_volume": 0.385,
  "six_hour_change": 0.0,
  "six_hour_sales": 2.0,
  "six_hour_sales_change": 0.0,
  "six_hour_average_price": 0.1925,
  "six_hour_difference": 0.385,
  "one_day_volume": 1.1819000000000002,
  "one_day_change": 4.628095238095239,
  "one_day_sales": 6.0,
  "one_day_sales_change": 5.0,
  "one_day_average_price": 0.19698333333333337,
  "one_day_difference": 0.9719000000000002,
  "seven_day_volume": 4.435700000000001,
  "seven_day_change": -0.3039418761572982,
  "seven_day_sales": 24.0,
  "seven_day_average_price": 0.18482083333333335,
  "seven_day_difference": -1.9368999999999978,
  "thirty_day_volume": 28.070700000000013,
  "thirty_day_change": -0.36289518121978687,
  "thirty_day_sales": 118.0,
  "thirty_day_average_price": 0.23788728813559332,
  "thirty_day_difference": -15.989082899999953
}