{
  "one_hour_volume": 0.0,
  "one_hour_change": 0.0,
  "one_hour_sales": 0.0,
  "one_hour_sales_change": 1.0,
  "one_hour_average_price": 0.0,
  "one_hour_difference": 0.0,
  "six_hour_volume": 0.425,
  "six_hour_change": -0.6705426356589147,
  "six_hour_sales": 1.0,
  "six_hour_sales_change": -0.5,
  "six_hour_average_price": 0.425,
  "six_hour_difference": -0.8650000000000001,
  "one_day_volume": 4.055,
  "one_day_change": 3.9187287724405624,
  "one_day_sales": 8.0,
  "one_day_sales_change": 1.6666666666666667,
  "one_day_average_price": 0.506875,
  "one_day_difference": 3.2305999999999995,
  "seven_day_volume": 11.882298999999998,
  "seven_day_change": 2.0141411461261067,
  "seven_day_sales": 32.0,
  "seven_day_average_price": 0.37132184374999994,
  "seven_day_difference": 7.940114999999999,
  "thirty_day_volume": 47.28518289999996,
  "thirty_day_change": -0.10952271053856463,
  "thirty_day_sales": 131.0,
  "thirty_day_average_price": 0.36095559465648824,
  "thirty_day_difference": -5.815759099990011
}