{
  "one_hour_volume": 0.0,
  "one_hour_change": 0.0,
  "one_hour_sales": 0.0,
  "one_hour_sales_change": 0.0,
  "one_hour_average_price": 0.0,
  "one_hour_difference": 0.0,
  "six_hour_volume": 0.0,
  "six_hour_change": -1.0,
  "six_hour_sales": 0.0,
  "six_hour_sales_change": 0.0,
  "six_hour_average_price": 0.24966666666666668,
  "six_hour_difference": -0.749,
  "one_day_volume": 0.989,
  "one_day_change": 0.18443113772455094,
  "one_day_sales": 4.0,
  "one_day_sales_change": 0.3333333333333333,
  "one_day_average_price": 0.24779999999999996,
  "one_day_difference": 0.15400000000000003,
  "seven_day_volume": 2.745,
  "seven_day_change": 1.5461436358931122,
  "seven_day_sales": 11.0,
  "seven_day_average_price": 0.2495454545454546,
  "seven_day_difference": 1.6668990000000001,
  "thirty_day_volume": 7.722193000000001,
  "thirty_day_change": 0.20229070980398253,
  "thirty_day_sales": 30.0,
  "thirty_day_average_price": 0.2574064333333333,
  "thirty_day_difference": 1.2992929999999996
}