{
  "one_hour_volume": 0.0064,
  "one_hour_change": 0.0,
  "one_hour_sales": 1.0,
  "one_hour_sales_change": 0.0,
  "one_hour_average_price": 0.0064,
  "one_hour_difference": 0.0064,
  "six_hour_volume": 0.0064,
  "six_hour_change": 0.6410256410256412,
  "six_hour_sales": 1.0,
  "six_hour_sales_change": 0.0,
  "six_hour_average_price": 0.0064,
  "six_hour_difference": 0.0025,
  "one_day_volume": 0.08710000000000001,
  "one_day_change": -0.8700756276197438,
  "one_day_sales": 16.0,
  "one_day_sales_change": -0.8518518518518519,
  "one_day_average_price": 0.005443750000000001,
  "one_day_difference": -0.5832900000000004,
  "seven_day_volume": 9.48437337989997,
  "seven_day_change": 0.0,
  "seven_day_sales": 1213.0,
  "seven_day_average_price": 0.007818939307419597,
  "seven_day_difference": 9.48437337989997,
  "thirty_day_volume": 9.48437337989997,
  "thirty_day_change": 0.0,
  "thirty_day_sales": 1213.0,
  "thirty_day_average_price": 0.007818939307419597,
  "thirty_day_difference": 9.48437337989997
}