{
  "one_hour_volume": 0.0,
  "one_hour_change": 0.0,
  "one_hour_sales": 0.0,
  "one_hour_sales_change": 0.0,
  "one_hour_average_price": 0.0,
  "one_hour_difference": 0.0,
  "six_hour_volume": 129.49,
  "six_hour_change": 1.0075968992248063,
  "six_hour_sales": 2.0,
  "six_hour_sales_change": 1.0,
  "six_hour_average_price": 64.745,
  "six_hour_difference": 64.99000000000001,
  "one_day_volume": 473.82,
  "one_day_change": -0.4749858724196391,
  "one_day_sales": 7.0,
  "one_day_sales_change": 0.0,
  "one_day_average_price": 67.68857142857142,
  "one_day_difference": -428.67000000000013,
  "seven_day_volume": 4236.3499999999985,
  "seven_day_change": 0.45045708220631997,
  "seven_day_sales": 53.0,
  "seven_day_average_price": 79.93113207547167,
  "seven_day_difference": 1315.6499999999987,
  "thirty_day_volume": 17786.26800000001,
  "thirty_day_change": 0.7752111517271866,
  "thirty_day_sales": 170.0,
  "thirty_day_average_price": 104.62510588235301,
  "thirty_day_difference": 7767.027200000015
}