{
  "one_hour_volume": 0.0,
  "one_hour_change": 0.0,
  "one_hour_sales": 0.0,
  "one_hour_sales_change": 1.0,
  "one_hour_average_price": 0.0,
  "one_hour_difference": 0.0,
  "six_hour_volume": 64.9,
  "six_hour_change": 64.9,
  "six_hour_sales": 1.0,
  "six_hour_sales_change": -0.5,
  "six_hour_average_price": 64.9,
  "six_hour_difference": 64.9,
  "one_day_volume": 402.29999999999995,
  "one_day_change": -0.9035561713981598,
  "one_day_sales": 8.0,
  "one_day_sales_change": -0.42857142857142855,
  "one_day_average_price": 50.287499999999994,
  "one_day_difference": -3769.04,
  "seven_day_volume": 7421.949999999996,
  "seven_day_change": 3.2579758701601174,
  "seven_day_sales": 58.0,
  "seven_day_average_price": 127.96465517241373,
  "seven_day_difference": 5678.8799999999965,
  "thirty_day_volume": 12762.080799999994,
  "thirty_day_change": 0.15072912411872164,
  "thirty_day_sales": 157.0,
  "thirty_day_average_price": 81.28713885350315,
  "thirty_day_difference": 1671.650799999994
}