{
  "one_hour_volume": 0.031,
  "one_hour_change": 0.0,
  "one_hour_sales": 1.0,
  "one_hour_sales_change": 0.0,
  "one_hour_average_price": 0.031,
  "one_hour_difference": 0.031,
  "six_hour_volume": 0.031,
  "six_hour_change": -0.38000000000000006,
  "six_hour_sales": 1.0,
  "six_hour_sales_change": 0.0,
  "six_hour_average_price": 0.031,
  "six_hour_difference": -0.019000000000000003,
  "one_day_volume": 0.18500000000000003,
  "one_day_change": -0.6371125931737937,
  "one_day_sales": 5.0,
  "one_day_sales_change": -0.6153846153846154,
  "one_day_average_price": 0.037000000000000005,
  "one_day_difference": -0.32480000000000003,
  "seven_day_volume": 1.3196000000000003,
  "seven_day_change": 2.2146163215590753,
  "seven_day_sales": 40.0,
  "seven_day_average_price": 0.032990000000000005,
  "seven_day_difference": 0.9091000000000004,
  "thirty_day_volume": 3.046969999999999,
  "thirty_day_change": -0.25485923621708334,
  "thirty_day_sales": 101.0,
  "thirty_day_average_price": 0.030168019801980188,
  "thirty_day_difference": -1.0421499999999995
}