{
  "one_hour_volume": 0.06,
  "one_hour_change": 0.0,
  "one_hour_sales": 1.0,
  "one_hour_sales_change": 0.0,
  "one_hour_average_price": 0.06,
  "one_hour_difference": 0.06,
  "six_hour_volume": 0.06,
  "six_hour_change": -0.387755102040754,
  "six_hour_sales": 1.0,
  "six_hour_sales_change": -0.5,
  "six_hour_average_price": 0.06,
  "six_hour_difference": -0.037999999999990014,
  "one_day_volume": 0.64299999999999,
  "one_day_change": 4.062992125984174,
  "one_day_sales": 10.0,
  "one_day_sales_change": 2.3333333333333335,
  "one_day_average_price": 0.064299999999999,
  "one_day_difference": 0.51599999999999,
  "seven_day_volume": 2.9199999999999893,
  "seven_day_change": -0.01839170870561774,
  "seven_day_sales": 40.0,
  "seven_day_average_price": 0.07299999999999973,
  "seven_day_difference": -0.05470999980000979,
  "thirty_day_volume": 14.907030999799993,
  "thirty_day_change": 0.9224286747559738,
  "thirty_day_sales": 168.0,
  "thirty_day_average_price": 0.08873232737976186,
  "thirty_day_difference": 7.152760999799999
}