{
  "one_hour_volume": 0.0196,
  "one_hour_change": -0.5473441108545034,
  "one_hour_sales": 4.0,
  "one_hour_sales_change": -0.5,
  "one_hour_average_price": 0.0049,
  "one_hour_difference": -0.0237,
  "six_hour_volume": 0.15569000000000002,
  "six_hour_change": -0.09640162507254794,
  "six_hour_sales": 24.0,
  "six_hour_sales_change": 0.8461538461538461,
  "six_hour_average_price": 0.006487083333333334,
  "six_hour_difference": -0.016610000000000014,
  "one_day_volume": 3.189764189999994,
  "one_day_change": -0.6601238595952894,
  "one_day_sales": 264.0,
  "one_day_sales_change": -0.76,
  "one_day_average_price": 0.01208244011363634,
  "one_day_difference": -6.19531410999998,
  "seven_day_volume": 12.856039489999967,
  "seven_day_change": 4.9951630384150265,
  "seven_day_sales": 1448.0,
  "seven_day_average_price": 0.008878480310773458,
  "seven_day_difference": 10.711637509999973,
  "thirty_day_volume": 15.891440259999955,
  "thirty_day_change": 0.0,
  "thirty_day_sales": 2073.0,
  "thirty_day_average_price": 0.007665914259527234,
  "thirty_day_difference": 15.891440259999955
}