{
  "one_hour_volume": 0.0,
  "one_hour_change": -1.0,
  "one_hour_sales": 0.0,
  "one_hour_sales_change": 0.25,
  "one_hour_average_price": 0.0,
  "one_hour_difference": -0.21339999999999998,
  "six_hour_volume": 0.3274,
  "six_hour_change": 2.678651685393259,
  "six_hour_sales": 9.0,
  "six_hour_sales_change": 2.0,
  "six_hour_average_price": 0.03637777777777778,
  "six_hour_difference": 0.23840000000000003,
  "one_day_volume": 0.41639999999999994,
  "one_day_change": 0.0,
  "one_day_sales": 12.0,
  "one_day_sales_change": 0.0,
  "one_day_average_price": 0.034699999999999995,
  "one_day_difference": 0.41639999999999994,
  "seven_day_volume": 0.5912000000000002,
  "seven_day_change": 3.655118110236221,
  "seven_day_sales": 17.0,
  "seven_day_average_price": 0.034776470588235305,
  "seven_day_difference": 0.4642000000000001,
  "thirty_day_volume": 1.2570000000000003,
  "thirty_day_change": -0.677873029182602,
  "thirty_day_sales": 43.0,
  "thirty_day_average_price": 0.029232558139534893,
  "thirty_day_difference": -2.645187999999998
}