{
  "one_hour_volume": 0.389999,
  "one_hour_change": 0.0,
  "one_hour_sales": 1.0,
  "one_hour_sales_change": 1.0,
  "one_hour_average_price": 0.389999,
  "one_hour_difference": 0.389999,
  "six_hour_volume": 0.609999,
  "six_hour_change": 0.0,
  "six_hour_sales": 2.0,
  "six_hour_sales_change": 2.0,
  "six_hour_average_price": 0.3049995,
  "six_hour_difference": 0.609999,
  "one_day_volume": 2.107499,
  "one_day_change": -0.4168034576195527,
  "one_day_sales": 8.0,
  "one_day_sales_change": -0.1111111111111111,
  "one_day_average_price": 0.263437375,
  "one_day_difference": -1.5062038374650006,
  "seven_day_volume": 18.741741737464995,
  "seven_day_change": -0.5216788658378159,
  "seven_day_sales": 66.0,
  "seven_day_average_price": 0.28396578390098476,
  "seven_day_difference": -20.440599160544,
  "thirty_day_volume": 192.70432869447365,
  "thirty_day_change": -0.6329715053439966,
  "thirty_day_sales": 650.0,
  "thirty_day_average_price": 0.29646819799149793,
  "thirty_day_difference": -332.3348208546242
}