{
  "one_hour_volume": 0.0,
  "one_hour_change": 0.0,
  "one_hour_sales": 0.0,
  "one_hour_sales_change": 0.0,
  "one_hour_average_price": 0.0,
  "one_hour_difference": 0.0,
  "six_hour_volume": 0.415,
  "six_hour_change": -0.6853677028051555,
  "six_hour_sales": 1.0,
  "six_hour_sales_change": -0.8,
  "six_hour_average_price": 0.415,
  "six_hour_difference": -0.9039999999999999,
  "one_day_volume": 6.0395,
  "one_day_change": 0.36507470108265705,
  "one_day_sales": 21.0,
  "one_day_sales_change": 0.3125,
  "one_day_average_price": 0.2875952380952381,
  "one_day_difference": 1.6151999999999997,
  "seven_day_volume": 33.743128,
  "seven_day_change": -0.11605758620796312,
  "seven_day_sales": 118.0,
  "seven_day_average_price": 0.28595871186440674,
  "seven_day_difference": -4.430318000000028,
  "thirty_day_volume": 138.340848325465,
  "thirty_day_change": -0.31951147081313225,
  "thirty_day_sales": 447.0,
  "thirty_day_average_price": 0.3094873564328076,
  "thirty_day_difference": -64.9555224315437
}