{
  "one_hour_volume": 0.0,
  "one_hour_change": 0.0,
  "one_hour_sales": 0.0,
  "one_hour_sales_change": 0.0,
  "one_hour_average_price": 0.0,
  "one_hour_difference": 0.0,
  "six_hour_volume": 0.0004,
  "six_hour_change": 0.0,
  "six_hour_sales": 1.0,
  "six_hour_sales_change": 0.0,
  "six_hour_average_price": 0.0004,
  "six_hour_difference": 0.0004,
  "one_day_volume": 0.002087,
  "one_day_change": -0.9601823940168657,
  "one_day_sales": 3.0,
  "one_day_sales_change": -0.9230769230769231,
  "one_day_average_price": 0.000695666666666667,
  "one_day_difference": -0.05032699999999998,
  "seven_day_volume": 0.05450099999999997,
  "seven_day_change": 0.0,
  "seven_day_sales": 42.0,
  "seven_day_average_price": 0.001297642857142857,
  "seven_day_difference": 0.05450099999999997,
  "thirty_day_volume": 0.05450099999999997,
  "thirty_day_change": 0.0,
  "thirty_day_sales": 42.0,
  "thirty_day_average_price": 0.001297642857142857,
  "thirty_day_difference": 0.05450099999999997
}