{
  "one_hour_volume": 0.0,
  "one_hour_change": -1.0,
  "one_hour_sales": 0.0,
  "one_hour_sales_change": 0.0,
  "one_hour_average_price": 0.0,
  "one_hour_difference": -0.0069,
  "six_hour_volume": 0.0069,
  "six_hour_change": -0.7930413917216557,
  "six_hour_sales": 1.0,
  "six_hour_sales_change": -0.6666666666666666,
  "six_hour_average_price": 0.0069,
  "six_hour_difference": -0.02644,
  "one_day_volume": 0.27747000000000005,
  "one_day_change": -0.8839358168873868,
  "one_day_sales": 24.0,
  "one_day_sales_change": -0.8260869565217391,
  "one_day_average_price": 0.011561250000000002,
  "one_day_difference": -2.1131900000000003,
  "seven_day_volume": 2.668129999999999,
  "seven_day_change": 0.0,
  "seven_day_sales": 162.0,
  "seven_day_average_price": 0.01646993827160493,
  "seven_day_difference": 2.668129999999999,
  "thirty_day_volume": 2.668129999999999,
  "thirty_day_change": 0.0,
  "thirty_day_sales": 162.0,
  "thirty_day_average_price": 0.01646993827160493,
  "thirty_day_difference": 2.668129999999999
}