{
  "one_hour_volume": 0.0,
  "one_hour_change": 0.0,
  "one_hour_sales": 0.0,
  "one_hour_sales_change": 0.0,
  "one_hour_average_price": 0.0,
  "one_hour_difference": 0.0,
  "six_hour_volume": 0.0,
  "six_hour_change": -1.0,
  "six_hour_sales": 0.0,
  "six_hour_sales_change": 0.0,
  "six_hour_average_price": 0.0,
  "six_hour_difference": -0.06949999999999999,
  "one_day_volume": 0.06949999999999999,
  "one_day_change": 0.0,
  "one_day_sales": 2.0,
  "one_day_sales_change": 0.0,
  "one_day_average_price": 0.034749999999999996,
  "one_day_difference": 0.06949999999999999,
  "seven_day_volume": 0.06949999999999999,
  "seven_day_change": 0.0,
  "seven_day_sales": 2.0,
  "seven_day_average_price": 0.034749999999999996,
  "seven_day_difference": 0.06949999999999999,
  "thirty_day_volume": 0.06949999999999999,
  "thirty_day_change": 0.0,
  "thirty_day_sales": 2.0,
  "thirty_day_average_price": 0.034749999999999996,
  "thirty_day_difference": 0.06949999999999999
}