{
  "one_hour_volume": 0.0,
  "one_hour_change": 0.0,
  "one_hour_sales": 0.0,
  "one_hour_sales_change": 2.0,
  "one_hour_average_price": 0.0,
  "one_hour_difference": 0.0,
  "six_hour_volume": 2.0086,
  "six_hour_change": 1.3630588235294114,
  "six_hour_sales": 6.0,
  "six_hour_sales_change": 1.0,
  "six_hour_average_price": 0.33476666666666666,
  "six_hour_difference": 1.1585999999999999,
  "one_day_volume": 3.5086000000000004,
  "one_day_change": -0.20984595982343932,
  "one_day_sales": 10.0,
  "one_day_sales_change": -0.3333333333333333,
  "one_day_average_price": 0.35086000000000006,
  "one_day_difference": -0.9318,
  "seven_day_volume": 29.74928409999999,
  "seven_day_change": -0.17759518262090487,
  "seven_day_sales": 85.0,
  "seven_day_average_price": 0.3499915776470587,
  "seven_day_difference": -6.424244400000006,
  "thirty_day_volume": 269.04384849999957,
  "thirty_day_change": 1.1354834092008692,
  "thirty_day_sales": 521.0,
  "thirty_day_average_price": 0.5163989414587323,
  "thirty_day_difference": 143.05652059999966
}