{
  "one_hour_volume": 0.0,
  "one_hour_change": -1.0,
  "one_hour_sales": 0.0,
  "one_hour_sales_change": 0.0,
  "one_hour_average_price": 0.0,
  "one_hour_difference": -1.0795000000000001,
  "six_hour_volume": 1.4445000000000001,
  "six_hour_change": 4.35,
  "six_hour_sales": 5.0,
  "six_hour_sales_change": 4.0,
  "six_hour_average_price": 0.28890000000000005,
  "six_hour_difference": 1.1745,
  "one_day_volume": 39.52259999999999,
  "one_day_change": 4.8218129806693755,
  "one_day_sales": 17.0,
  "one_day_sales_change": 0.8888888888888888,
  "one_day_average_price": 2.324858823529411,
  "one_day_difference": 32.73388999999999,
  "seven_day_volume": 63.02568989999998,
  "seven_day_change": 2.2032866504839563,
  "seven_day_sales": 79.0,
  "seven_day_average_price": 0.7977935430379745,
  "seven_day_difference": 43.35036989999998,
  "thirty_day_volume": 157.91128999999992,
  "thirty_day_change": -0.4147550462543293,
  "thirty_day_sales": 309.0,
  "thirty_day_average_price": 0.511039773462783,
  "thirty_day_difference": -111.90955849999975
}