{
  "one_hour_volume": 0.10543999999999999,
  "one_hour_change": 0.5281159420289853,
  "one_hour_sales": 4.0,
  "one_hour_sales_change": 0.3333333333333333,
  "one_hour_average_price": 0.026359999999999998,
  "one_hour_difference": 0.036439999999999986,
  "six_hour_volume": 0.419849999999999,
  "six_hour_change": -0.3285288340633336,
  "six_hour_sales": 21.0,
  "six_hour_sales_change": -0.4878048780487805,
  "six_hour_average_price": 0.019992857142857094,
  "six_hour_difference": -0.2054188444400012,
  "one_day_volume": 1.7855978444399982,
  "one_day_change": -0.738786525540611,
  "one_day_sales": 92.0,
  "one_day_sales_change": -0.6349206349206349,
  "one_day_average_price": 0.019408672222173896,
  "one_day_difference": -5.0501821555599875,
  "seven_day_volume": 134.36791218888527,
  "seven_day_change": 0.8199115340098109,
  "seven_day_sales": 601.0,
  "seven_day_average_price": 0.2235738971528873,
  "seven_day_difference": 60.535800199995094,
  "thirty_day_volume": 358.719830651432,
  "thirty_day_change": 46.112389876866935,
  "thirty_day_sales": 5992.0,
  "thirty_day_average_price": 0.05986646038909079,
  "thirty_day_difference": 351.105701298432
}