{
  "one_hour_volume": 0.0,
  "one_hour_change": 0.0,
  "one_hour_sales": 0.0,
  "one_hour_sales_change": 1.0,
  "one_hour_average_price": 0.0,
  "one_hour_difference": 0.0,
  "six_hour_volume": 0.04189,
  "six_hour_change": 3.1068627450980384,
  "six_hour_sales": 3.0,
  "six_hour_sales_change": 2.0,
  "six_hour_average_price": 0.013963333333333333,
  "six_hour_difference": 0.031689999999999996,
  "one_day_volume": 0.11436,
  "one_day_change": -0.389301563046001,
  "one_day_sales": 10.0,
  "one_day_sales_change": -0.3333333333333333,
  "one_day_average_price": 0.011436,
  "one_day_difference": -0.07290099999599998,
  "seven_day_volume": 37.49137587588485,
  "seven_day_change": 4.276741197491985,
  "seven_day_sales": 156.0,
  "seven_day_average_price": 0.2403293325377234,
  "seven_day_difference": 30.386351302440854,
  "thirty_day_volume": 142.87269887023285,
  "thirty_day_change": -0.6081851099004905,
  "thirty_day_sales": 2414.0,
  "thirty_day_average_price": 0.05918504509951651,
  "thirty_day_difference": -221.770663289759
}