{
  "one_hour_volume": 0.8380900000000003,
  "one_hour_change": 0.17271149917443276,
  "one_hour_sales": 19.0,
  "one_hour_sales_change": 0.11764705882352941,
  "one_hour_average_price": 0.04411000000000002,
  "one_hour_difference": 0.12343000000000015,
  "six_hour_volume": 6.061640000000003,
  "six_hour_change": 0.3906158231426219,
  "six_hour_sales": 157.0,
  "six_hour_sales_change": 0.31932773109243695,
  "six_hour_average_price": 0.038609171974522315,
  "six_hour_difference": 1.7026791000000037,
  "one_day_volume": 15.762208899999967,
  "one_day_change": 0.0,
  "one_day_sales": 345.0,
  "one_day_sales_change": 0.0,
  "one_day_average_price": 0.04568756202898541,
  "one_day_difference": 15.762208899999967,
  "seven_day_volume": 15.762208899999967,
  "seven_day_change": 0.0,
  "seven_day_sales": 345.0,
  "seven_day_average_price": 0.04568756202898541,
  "seven_day_difference": 15.762208899999967,
  "thirty_day_volume": 15.762208899999967,
  "thirty_day_change": 0.0,
  "thirty_day_sales": 345.0,
  "thirty_day_average_price": 0.04568756202898541,
  "thirty_day_difference": 15.762208899999967
}