{
  "one_hour_volume": 0.0,
  "one_hour_change": 0.0,
  "one_hour_sales": 0.0,
  "one_hour_sales_change": 0.5,
  "one_hour_average_price": 0.0,
  "one_hour_difference": 0.0,
  "six_hour_volume": 0.0,
  "six_hour_change": -1.0,
  "six_hour_sales": 0.0,
  "six_hour_sales_change": 1.0,
  "six_hour_average_price": 0.0,
  "six_hour_difference": -0.08689999999999999,
  "one_day_volume": 0.1389,
  "one_day_change": -0.010683760683760693,
  "one_day_sales": 11.0,
  "one_day_sales_change": 1.2,
  "one_day_average_price": 0.012627272727272727,
  "one_day_difference": -0.001500000000000001,
  "seven_day_volume": 0.3462999990000001,
  "seven_day_change": -0.3101586774488818,
  "seven_day_sales": 22.0,
  "seven_day_average_price": 0.01574090904545455,
  "seven_day_difference": -0.15569950099999996,
  "thirty_day_volume": 24.442115853894677,
  "thirty_day_change": 0.0,
  "thirty_day_sales": 554.0,
  "thirty_day_average_price": 0.04411934269656079,
  "thirty_day_difference": 24.442115853894677
}