{
  "one_hour_volume": 0.0,
  "one_hour_change": 0.0,
  "one_hour_sales": 0.0,
  "one_hour_sales_change": -0.3333333333333333,
  "one_hour_average_price": 0.0,
  "one_hour_difference": 0.0,
  "six_hour_volume": 0.0,
  "six_hour_change": 0.0,
  "six_hour_sales": 0.0,
  "six_hour_sales_change": 0.0,
  "six_hour_average_price": 0.0,
  "six_hour_difference": 0.0,
  "one_day_volume": 0.0,
  "one_day_change": -1.0,
  "one_day_sales": 0.0,
  "one_day_sales_change": 0.0,
  "one_day_average_price": 0.009680000000000003,
  "one_day_difference": -0.09680000000000001,
  "seven_day_volume": 0.22950000000000004,
  "seven_day_change": -0.6986607142857143,
  "seven_day_sales": 23.0,
  "seven_day_average_price": 0.013500000000000003,
  "seven_day_difference": -0.5321,
  "thirty_day_volume": 1.0970000000000002,
  "thirty_day_change": 0.5799198950368626,
  "thirty_day_sales": 82.0,
  "thirty_day_average_price": 0.01337804878048781,
  "thirty_day_difference": 0.40266100000000016
}