{
  "one_hour_volume": 0.098,
  "one_hour_change": 0.3900709219858158,
  "one_hour_sales": 1.0,
  "one_hour_sales_change": 0.0,
  "one_hour_average_price": 0.098,
  "one_hour_difference": 0.02750000000000001,
  "six_hour_volume": 0.9715199999999999,
  "six_hour_change": 2.7539412673879444,
  "six_hour_sales": 13.0,
  "six_hour_sales_change": 3.3333333333333335,
  "six_hour_average_price": 0.07473230769230768,
  "six_hour_difference": 0.7127199999999999,
  "one_day_volume": 1.8833199999999997,
  "one_day_change": 0.05107660771832286,
  "one_day_sales": 19.0,
  "one_day_sales_change": -0.2692307692307692,
  "one_day_average_price": 0.09912210526315787,
  "one_day_difference": 0.09151911111111954,
  "seven_day_volume": 48.93274886888884,
  "seven_day_change": 0.8380370518149265,
  "seven_day_sales": 441.0,
  "seven_day_average_price": 0.11095861421516744,
  "seven_day_difference": 22.310462435342057,
  "thirty_day_volume": 83.94051589688009,
  "thirty_day_change": 0.6611424091551068,
  "thirty_day_sales": 1007.0,
  "thirty_day_average_price": 0.08335701677942411,
  "thirty_day_difference": 33.40871595350614
}