{
  "one_hour_volume": 0.0,
  "one_hour_change": 0.0,
  "one_hour_sales": 0.0,
  "one_hour_sales_change": 0.0,
  "one_hour_average_price": 0.0,
  "one_hour_difference": 0.0,
  "six_hour_volume": 0.05,
  "six_hour_change": 0.0,
  "six_hour_sales": 1.0,
  "six_hour_sales_change": 0.0,
  "six_hour_average_price": 0.05,
  "six_hour_difference": 0.05,
  "one_day_volume": 0.1,
  "one_day_change": -0.7403946002076843,
  "one_day_sales": 2.0,
  "one_day_sales_change": -0.7777777777777778,
  "one_day_average_price": 0.05,
  "one_day_difference": -0.28519999999999995,
  "seven_day_volume": 1.3018900000000004,
  "seven_day_change": 0.5011530567534532,
  "seven_day_sales": 29.0,
  "seven_day_average_price": 0.04489275862068967,
  "seven_day_difference": 0.43463000000000007,
  "thirty_day_volume": 6.801470000000001,
  "thirty_day_change": 0.15576541169208294,
  "thirty_day_sales": 114.0,
  "thirty_day_average_price": 0.059662017543859656,
  "thirty_day_difference": 0.9166512200000012
}