{
  "one_hour_volume": 0.0155,
  "one_hour_change": -0.38000000000000006,
  "one_hour_sales": 1.0,
  "one_hour_sales_change": 0.0,
  "one_hour_average_price": 0.0155,
  "one_hour_difference": -0.009500000000000001,
  "six_hour_volume": 0.07138,
  "six_hour_change": -0.8685451197053407,
  "six_hour_sales": 4.0,
  "six_hour_sales_change": -0.42857142857142855,
  "six_hour_average_price": 0.017845,
  "six_hour_difference": -0.4716199999999998,
  "one_day_volume": 0.68648,
  "one_day_change": 0.0734972164883967,
  "one_day_sales": 15.0,
  "one_day_sales_change": -0.4444444444444444,
  "one_day_average_price": 0.04576533333333333,
  "one_day_difference": 0.04699999999999993,
  "seven_day_volume": 4.185909000000002,
  "seven_day_change": 3.6219482167129144,
  "seven_day_sales": 237.0,
  "seven_day_average_price": 0.01766206329113925,
  "seven_day_difference": 3.280250000000002,
  "thirty_day_volume": 8.495406889999977,
  "thirty_day_change": -0.9331633545684054,
  "thirty_day_sales": 427.0,
  "thirty_day_average_price": 0.019895566487119383,
  "thirty_day_difference": -118.61161404352038
}