{
  "one_hour_volume": 0.0,
  "one_hour_change": 0.0,
  "one_hour_sales": 0.0,
  "one_hour_sales_change": 0.0,
  "one_hour_average_price": 0.0,
  "one_hour_difference": 0.0,
  "six_hour_volume": 0.0,
  "six_hour_change": -1.0,
  "six_hour_sales": 0.0,
  "six_hour_sales_change": 0.0,
  "six_hour_average_price": 0.0,
  "six_hour_difference": -0.0025,
  "one_day_volume": 0.0025,
  "one_day_change": -0.9720982142857143,
  "one_day_sales": 1.0,
  "one_day_sales_change": -0.8888888888888888,
  "one_day_average_price": 0.0025,
  "one_day_difference": -0.0871,
  "seven_day_volume": 0.4086000000000002,
  "seven_day_change": 0.0643396717895288,
  "seven_day_sales": 34.0,
  "seven_day_average_price": 0.012017647058823536,
  "seven_day_difference": 0.02470000000000011,
  "thirty_day_volume": 1.723439999999999,
  "thirty_day_change": -0.8726319300697573,
  "thirty_day_sales": 183.0,
  "thirty_day_average_price": 0.00941770491803278,
  "thirty_day_difference": -11.807737797888414
}