{
  "one_hour_volume": 5.5,
  "one_hour_change": 0.0,
  "one_hour_sales": 1.0,
  "one_hour_sales_change": 1.0,
  "one_hour_average_price": 5.5,
  "one_hour_difference": 5.5,
  "six_hour_volume": 5.5,
  "six_hour_change": -0.39916976185274194,
  "six_hour_sales": 1.0,
  "six_hour_sales_change": -0.5,
  "six_hour_average_price": 5.5,
  "six_hour_difference": -3.654,
  "one_day_volume": 14.654,
  "one_day_change": -0.3478328593617183,
  "one_day_sales": 3.0,
  "one_day_sales_change": -0.25,
  "one_day_average_price": 4.884666666666667,
  "one_day_difference": -7.815700000000003,
  "seven_day_volume": 127.01429999999999,
  "seven_day_change": 0.2030964500265726,
  "seven_day_sales": 20.0,
  "seven_day_average_price": 6.350714999999999,
  "seven_day_difference": 21.441467499999973,
  "thirty_day_volume": 391.1439824999999,
  "thirty_day_change": -0.2755322726182752,
  "thirty_day_sales": 66.0,
  "thirty_day_average_price": 5.926423977272726,
  "thirty_day_difference": -148.76134070000046
}