{
  "one_hour_volume": 0.0,
  "one_hour_change": -1.0,
  "one_hour_sales": 0.0,
  "one_hour_sales_change": 4.0,
  "one_hour_average_price": 0.0,
  "one_hour_difference": -0.011300000000000001,
  "six_hour_volume": 0.011300000000000001,
  "six_hour_change": 1.1320754716981134,
  "six_hour_sales": 4.0,
  "six_hour_sales_change": 1.0,
  "six_hour_average_price": 0.002825,
  "six_hour_difference": 0.006000000000000001,
  "one_day_volume": 0.0166,
  "one_day_change": -0.5103244837758112,
  "one_day_sales": 6.0,
  "one_day_sales_change": -0.25,
  "one_day_average_price": 0.002766666666666667,
  "one_day_difference": -0.0173,
  "seven_day_volume": 0.19439000000000006,
  "seven_day_change": 1.9100299401197616,
  "seven_day_sales": 64.0,
  "seven_day_average_price": 0.003037343750000001,
  "seven_day_difference": 0.12759000000000006,
  "thirty_day_volume": 0.6827400000000009,
  "thirty_day_change": -0.9089560283234701,
  "thirty_day_sales": 187.0,
  "thirty_day_average_price": 0.003651016042780753,
  "thirty_day_difference": -6.8162737998999825
}