{
  "one_hour_volume": 0.0,
  "one_hour_change": -1.0,
  "one_hour_sales": 0.0,
  "one_hour_sales_change": 0.0,
  "one_hour_average_price": 0.0,
  "one_hour_difference": -0.01,
  "six_hour_volume": 0.04,
  "six_hour_change": 0.0,
  "six_hour_sales": 2.0,
  "six_hour_sales_change": 0.0,
  "six_hour_average_price": 0.02,
  "six_hour_difference": 0.04,
  "one_day_volume": 0.04,
  "one_day_change": -0.038461538461538394,
  "one_day_sales": 2.0,
  "one_day_sales_change": -0.6666666666666666,
  "one_day_average_price": 0.02,
  "one_day_difference": -0.001599999999999997,
  "seven_day_volume": 0.239339999,
  "seven_day_change": -0.6388955954117317,
  "seven_day_sales": 22.0,
  "seven_day_average_price": 0.010879090863636365,
  "seven_day_difference": -0.42346000000000045,
  "thirty_day_volume": 4.872289997999988,
  "thirty_day_change": -0.08124882246048663,
  "thirty_day_sales": 344.0,
  "thirty_day_average_price": 0.014163633715116244,
  "thirty_day_difference": -0.4308759919999998
}