{
  "one_hour_volume": 0.0,
  "one_hour_change": 0.0,
  "one_hour_sales": 0.0,
  "one_hour_sales_change": 0.0,
  "one_hour_average_price": 0.0,
  "one_hour_difference": 0.0,
  "six_hour_volume": 0.0094,
  "six_hour_change": -0.9154676258992805,
  "six_hour_sales": 1.0,
  "six_hour_sales_change": -0.8888888888888888,
  "six_hour_average_price": 0.0094,
  "six_hour_difference": -0.1018,
  "one_day_volume": 0.17160000000000003,
  "one_day_change": 1.3394683026584873,
  "one_day_sales": 13.0,
  "one_day_sales_change": 1.1666666666666667,
  "one_day_average_price": 0.013200000000000002,
  "one_day_difference": 0.09825000000000003,
  "seven_day_volume": 0.53452,
  "seven_day_change": -0.7130736366676562,
  "seven_day_sales": 51.0,
  "seven_day_average_price": 0.01048078431372549,
  "seven_day_difference": -1.3283970000000003,
  "thirty_day_volume": 5.303165989999988,
  "thirty_day_change": -0.9217932634619062,
  "thirty_day_sales": 519.0,
  "thirty_day_average_price": 0.01021804622350672,
  "thirty_day_difference": -62.50641442148869
}