{
  "one_hour_volume": 0.0,
  "one_hour_change": 0.0,
  "one_hour_sales": 0.0,
  "one_hour_sales_change": 4.0,
  "one_hour_average_price": 0.0,
  "one_hour_difference": 0.0,
  "six_hour_volume": 0.0,
  "six_hour_change": -1.0,
  "six_hour_sales": 0.0,
  "six_hour_sales_change": 1.0,
  "six_hour_average_price": 0.0,
  "six_hour_difference": -44.25,
  "one_day_volume": 123.33,
  "one_day_change": 0.000487548055121253,
  "one_day_sales": 11.0,
  "one_day_sales_change": 0.0,
  "one_day_average_price": 11.211818181818181,
  "one_day_difference": 0.06009999999999138,
  "seven_day_volume": 444.43280999999996,
  "seven_day_change": -0.329491556313384,
  "seven_day_sales": 40.0,
  "seven_day_average_price": 11.11082025,
  "seven_day_difference": -218.39673999999997,
  "thirty_day_volume": 2506.084630000002,
  "thirty_day_change": -0.6641314089556809,
  "thirty_day_sales": 217.0,
  "thirty_day_average_price": 11.548777096774204,
  "thirty_day_difference": -4955.418758000084
}