{
  "one_hour_volume": 0.0,
  "one_hour_change": 0.0,
  "one_hour_sales": 0.0,
  "one_hour_sales_change": 0.0,
  "one_hour_average_price": 0.0,
  "one_hour_difference": 0.0,
  "six_hour_volume": 0.0,
  "six_hour_change": -1.0,
  "six_hour_sales": 0.0,
  "six_hour_sales_change": 2.0,
  "six_hour_average_price": 0.0,
  "six_hour_difference": -50.87,
  "one_day_volume": 67.07,
  "one_day_change": 0.4283888829730592,
  "one_day_sales": 8.0,
  "one_day_sales_change": 0.6,
  "one_day_average_price": 8.38375,
  "one_day_difference": 20.114999999999995,
  "seven_day_volume": 384.22740000000005,
  "seven_day_change": -0.1947450065359427,
  "seven_day_sales": 40.0,
  "seven_day_average_price": 9.605685000000001,
  "seven_day_difference": -92.92257499999988,
  "thirty_day_volume": 2040.3617250000013,
  "thirty_day_change": -0.40567678248672623,
  "thirty_day_sales": 196.0,
  "thirty_day_average_price": 10.410008801020416,
  "thirty_day_difference": -1392.7226049999979
}