{
  "one_hour_volume": 0.0,
  "one_hour_change": 0.0,
  "one_hour_sales": 0.0,
  "one_hour_sales_change": 1.0,
  "one_hour_average_price": 0.0,
  "one_hour_difference": 0.0,
  "six_hour_volume": 0.488879989,
  "six_hour_change": 0.0,
  "six_hour_sales": 5.0,
  "six_hour_sales_change": 0.0,
  "six_hour_average_price": 0.0977759978,
  "six_hour_difference": 0.488879989,
  "one_day_volume": 1.152240989,
  "one_day_change": -0.06432022383405539,
  "one_day_sales": 13.0,
  "one_day_sales_change": 0.08333333333333333,
  "one_day_average_price": 0.08863392223076924,
  "one_day_difference": -0.07920701099999983,
  "seven_day_volume": 6.368538989000002,
  "seven_day_change": 0.1471744595052667,
  "seven_day_sales": 55.0,
  "seven_day_average_price": 0.11579161798181822,
  "seven_day_difference": 0.8170390089999993,
  "thirty_day_volume": 26.673838968999984,
  "thirty_day_change": -0.48478212668174897,
  "thirty_day_sales": 159.0,
  "thirty_day_average_price": 0.16775999351572318,
  "thirty_day_difference": -25.098120720999948
}