{
  "one_hour_volume": 0.0,
  "one_hour_change": -1.0,
  "one_hour_sales": 0.0,
  "one_hour_sales_change": 2.0,
  "one_hour_average_price": 0.0,
  "one_hour_difference": -0.499,
  "six_hour_volume": 1.0918,
  "six_hour_change": 0.0,
  "six_hour_sales": 5.0,
  "six_hour_sales_change": 5.0,
  "six_hour_average_price": 0.21836000000000003,
  "six_hour_difference": 1.0918,
  "one_day_volume": 1.2418,
  "one_day_change": 1.6705376344086023,
  "one_day_sales": 6.0,
  "one_day_sales_change": 1.0,
  "one_day_average_price": 0.20696666666666666,
  "one_day_difference": 0.7768,
  "seven_day_volume": 6.744480000000001,
  "seven_day_change": -0.38816642908382126,
  "seven_day_sales": 38.0,
  "seven_day_average_price": 0.17748631578947371,
  "seven_day_difference": -4.278909889999996,
  "thirty_day_volume": 48.356959889999956,
  "thirty_day_change": -0.3943118127443721,
  "thirty_day_sales": 229.0,
  "thirty_day_average_price": 0.2111657637117902,
  "thirty_day_difference": -31.48108368999003
}