{
  "one_hour_volume": 0.0,
  "one_hour_change": 0.0,
  "one_hour_sales": 0.0,
  "one_hour_sales_change": 0.0,
  "one_hour_average_price": 0.0,
  "one_hour_difference": 0.0,
  "six_hour_volume": 0.0,
  "six_hour_change": 0.0,
  "six_hour_sales": 0.0,
  "six_hour_sales_change": 0.0,
  "six_hour_average_price": 0.0,
  "six_hour_difference": 0.0,
  "one_day_volume": 0.09705,
  "one_day_change": -0.5155977040179687,
  "one_day_sales": 6.0,
  "one_day_sales_change": -0.5384615384615384,
  "one_day_average_price": 0.016175,
  "one_day_difference": -0.10330000000000003,
  "seven_day_volume": 1.3387589999999991,
  "seven_day_change": 18.30995240155776,
  "seven_day_sales": 73.0,
  "seven_day_average_price": 0.018339164383561632,
  "seven_day_difference": 1.2694289999999993,
  "thirty_day_volume": 1.9461801111099992,
  "thirty_day_change": 0.18701365677986834,
  "thirty_day_sales": 114.0,
  "thirty_day_average_price": 0.01707175536061403,
  "thirty_day_difference": 0.30662011111000065
}