{
  "one_hour_volume": 0.0,
  "one_hour_change": 0.0,
  "one_hour_sales": 0.0,
  "one_hour_sales_change": 0.0,
  "one_hour_average_price": 0.0,
  "one_hour_difference": 0.0,
  "six_hour_volume": 0.25,
  "six_hour_change": 0.6339869499206543,
  "six_hour_sales": 1.0,
  "six_hour_sales_change": 0.0,
  "six_hour_average_price": 0.25,
  "six_hour_difference": 0.097,
  "one_day_volume": 0.403,
  "one_day_change": -0.5357624292373657,
  "one_day_sales": 2.0,
  "one_day_sales_change": -0.6666666865348816,
  "one_day_average_price": 0.2015,
  "one_day_difference": -0.46509,
  "seven_day_volume": 5.48252931547619,
  "seven_day_change": 1.5565655775854348,
  "seven_day_sales": 37.0,
  "seven_day_average_price": 0.14817646798584297,
  "seven_day_difference": 3.3380393154761894,
  "thirty_day_volume": 17.99974031547619,
  "thirty_day_change": -0.2798297937551493,
  "thirty_day_sales": 121.0,
  "thirty_day_average_price": 0.14875818442542305,
  "thirty_day_difference": -6.993990554523808
}