{
  "one_hour_volume": 0.0,
  "one_hour_change": 0.0,
  "one_hour_sales": 0.0,
  "one_hour_sales_change": 10.0,
  "one_hour_average_price": 0.0,
  "one_hour_difference": 0.0,
  "six_hour_volume": 0.39396899999999996,
  "six_hour_change": 5.5661499999999995,
  "six_hour_sales": 10.0,
  "six_hour_sales_change": 9.0,
  "six_hour_average_price": 0.0393969,
  "six_hour_difference": 0.33396899999999996,
  "one_day_volume": 0.4539689999999999,
  "one_day_change": 9.791057548313482,
  "one_day_sales": 11.0,
  "one_day_sales_change": 10.0,
  "one_day_average_price": 0.04126990909090908,
  "one_day_difference": 0.4118999999999999,
  "seven_day_volume": 0.6710380000000001,
  "seven_day_change": 2.9472823529411776,
  "seven_day_sales": 17.0,
  "seven_day_average_price": 0.039472823529411775,
  "seven_day_difference": 0.5010380000000001,
  "thirty_day_volume": 1.7552780000000008,
  "thirty_day_change": -0.5684839098260852,
  "thirty_day_sales": 49.0,
  "thirty_day_average_price": 0.035822000000000014,
  "thirty_day_difference": -2.312421999998998
}